secretaria,servico,pagina,url,unidade,nivel,codigo,mensagem,valor_publicado
SMADS,smads-cras,CRAS - Zona Leste,https://prefeitura.sp.gov.br/web/assistencia_social/w/protecao_social_basica/330930,CRAS ITAIM PAULISTA II,alerta,CEP_FORMATO,CEP fora do padrão 00000-000.,08141290
SMADS,smads-cras,CRAS - Zona Leste,https://prefeitura.sp.gov.br/web/assistencia_social/w/protecao_social_basica/330930,CRAS VILA CURUÇÁ,alerta,CEP_REGIAO_DIVERGENTE,"CEP típico de outra região, mas a unidade está listada em Leste.",02209-001
SMADS,smads-cras,CRAS - Zona Leste,https://prefeitura.sp.gov.br/web/assistencia_social/w/protecao_social_basica/330930,CRAS PENHA,alerta,ENDERECO_DUPLICADO,"Mesmo endereço publicado para unidades diferentes: CRAS ARTHUR ALVIM, CRAS PENHA. Pode ser o mesmo prédio; confirmar.",
SMADS,smads-cras,CRAS - Zona Leste,https://prefeitura.sp.gov.br/web/assistencia_social/w/protecao_social_basica/330930,CRAS ARTHUR ALVIM,alerta,ENDERECO_DUPLICADO,"Mesmo endereço publicado para unidades diferentes: CRAS ARTHUR ALVIM, CRAS PENHA. Pode ser o mesmo prédio; confirmar.",
SMADS,smads-cras,CRAS - Zona Norte,https://prefeitura.sp.gov.br/web/assistencia_social/w/protecao_social_basica/330928,CRAS FREGUESIA DO Ó,info,CEP_COMPARTILHADO,"Mesmo CEP em unidades com endereços diferentes: CRAS BRASILÂNDIA II, CRAS FREGUESIA DO Ó.",
SMADS,smads-cras,CRAS - Zona Norte,https://prefeitura.sp.gov.br/web/assistencia_social/w/protecao_social_basica/330928,CRAS BRASILÂNDIA II,info,CEP_COMPARTILHADO,"Mesmo CEP em unidades com endereços diferentes: CRAS BRASILÂNDIA II, CRAS FREGUESIA DO Ó.",
SMADS,smads-cras,CRAS - Zona Sul,https://prefeitura.sp.gov.br/web/assistencia_social/w/protecao_social_basica/330929,CRAS JARDIM ÂNGELA,alerta,CEP_FORMATO,CEP fora do padrão 00000-000.,05822015
SMADS,smads-cras,CRAS - Zona Sul,https://prefeitura.sp.gov.br/web/assistencia_social/w/protecao_social_basica/330929,CRAS SÃO LUÍS,alerta,CEP_FORMATO,CEP fora do padrão 00000-000.,05822015
SMADS,smads-cras,CRAS - Zona Sul,https://prefeitura.sp.gov.br/web/assistencia_social/w/protecao_social_basica/330929,CRAS SÃO LUÍS,info,CEP_COMPARTILHADO,"Mesmo CEP em unidades com endereços diferentes: CRAS JARDIM ÂNGELA, CRAS SÃO LUÍS.",
SMADS,smads-cras,CRAS - Zona Sul,https://prefeitura.sp.gov.br/web/assistencia_social/w/protecao_social_basica/330929,CRAS JARDIM ÂNGELA,info,CEP_COMPARTILHADO,"Mesmo CEP em unidades com endereços diferentes: CRAS JARDIM ÂNGELA, CRAS SÃO LUÍS.",
SMADS,smads-creas,CENTRO,https://prefeitura.sp.gov.br/web/assistencia_social/w/protecao_social_especial/330933,,erro,FONTE_INDISPONIVEL,Página não lida (indisponivel_no_teste).,
SMADS,smads-creas,ZONA LESTE,https://prefeitura.sp.gov.br/web/assistencia_social/w/protecao_social_especial/330936,,erro,FONTE_INDISPONIVEL,Página não lida (indisponivel_no_teste).,
SMADS,smads-creas,ZONA NORTE,https://prefeitura.sp.gov.br/web/assistencia_social/w/protecao_social_especial/330934,,erro,FONTE_INDISPONIVEL,Página não lida (indisponivel_no_teste).,
SMADS,smads-creas,ZONA OESTE,https://prefeitura.sp.gov.br/web/assistencia_social/w/protecao_social_especial/330937,,erro,FONTE_INDISPONIVEL,Página não lida (indisponivel_no_teste).,
SMADS,smads-creas,CREAS - Zona Sul,https://prefeitura.sp.gov.br/web/assistencia_social/w/protecao_social_especial/330935,CREAS Parelheiros,alerta,TELEFONE_FORMATO,Telefone fora do padrão (DDD) 0000-0000.,(11) 3129 - 9235
SMADS,smads-creas,Centro de Referência Especializado de Assistência Social,https://prefeitura.sp.gov.br/web/assistencia_social/w/protecao_social_especial/2003,,info,TOTAL_NAO_VERIFICADO,Índice declara 32 unidades; só 1 de 5 páginas foram lidas.,
SMADS,smads-creas,CREAS - Zona Sul,https://prefeitura.sp.gov.br/web/assistencia_social/w/protecao_social_especial/330935,,alerta,PAGINACAO,A página indica 3 resultados; verificar se há unidades nas demais.,
SMS,sms-caps,Serviços dos Centros de Atenção Psicossocial (CAPS) por território,https://prefeitura.sp.gov.br/web/saude/w/servi%C3%A7os-dos-centros-de-aten%C3%A7%C3%A3o-psicossocial-caps-por-territ%C3%B3rio,CAPS AD II GUAIANASES,alerta,EMAIL_DOMINIO_SUSPEITO,Domínio .gov.br que não é da Prefeitura de São Paulo. Verificar.,capsalcooldrogasguaianases@prefeitura.gov.br
SMS,sms-caps,Serviços dos Centros de Atenção Psicossocial (CAPS) por território,https://prefeitura.sp.gov.br/web/saude/w/servi%C3%A7os-dos-centros-de-aten%C3%A7%C3%A3o-psicossocial-caps-por-territ%C3%B3rio,CAPS ADULTO II GUAIANASES,erro,CEP_FORA_MUNICIPIO,CEP fora das faixas do Município de São Paulo.,09925-000
SMS,sms-caps,Serviços dos Centros de Atenção Psicossocial (CAPS) por território,https://prefeitura.sp.gov.br/web/saude/w/servi%C3%A7os-dos-centros-de-aten%C3%A7%C3%A3o-psicossocial-caps-por-territ%C3%B3rio,CAPS AD III PIRITUBA 'CASA AZUL',alerta,EMAIL_DOMINIO_SUSPEITO,Domínio .gov.br que não é da Prefeitura de São Paulo. Verificar.,capsad3piritubacasaazul.adm@spdm-pais.gov.br
SMS,sms-caps,Serviços dos Centros de Atenção Psicossocial (CAPS) por território,https://prefeitura.sp.gov.br/web/saude/w/servi%C3%A7os-dos-centros-de-aten%C3%A7%C3%A3o-psicossocial-caps-por-territ%C3%B3rio,CAPS ADULTO III BRASILÂNDIA,alerta,UNIDADE_DUPLICADA,Unidade listada 2 vezes na mesma página.,
SMS,sms-caps,Serviços dos Centros de Atenção Psicossocial (CAPS) por território,https://prefeitura.sp.gov.br/web/saude/w/servi%C3%A7os-dos-centros-de-aten%C3%A7%C3%A3o-psicossocial-caps-por-territ%C3%B3rio,CAPS IJ II IPIRANGA,alerta,UNIDADE_DUPLICADA,Unidade listada 2 vezes na mesma página.,
SMS,sms-caps,Serviços dos Centros de Atenção Psicossocial (CAPS) por território,https://prefeitura.sp.gov.br/web/saude/w/servi%C3%A7os-dos-centros-de-aten%C3%A7%C3%A3o-psicossocial-caps-por-territ%C3%B3rio,CAPS IJ III HELIÓPOLIS,alerta,ENDERECO_DUPLICADO,"Mesmo endereço publicado para unidades diferentes: CAPS AD III HELIÓPOLIS, CAPS IJ III HELIÓPOLIS. Pode ser o mesmo prédio; confirmar.",
SMS,sms-caps,Serviços dos Centros de Atenção Psicossocial (CAPS) por território,https://prefeitura.sp.gov.br/web/saude/w/servi%C3%A7os-dos-centros-de-aten%C3%A7%C3%A3o-psicossocial-caps-por-territ%C3%B3rio,CAPS AD III HELIÓPOLIS,alerta,ENDERECO_DUPLICADO,"Mesmo endereço publicado para unidades diferentes: CAPS AD III HELIÓPOLIS, CAPS IJ III HELIÓPOLIS. Pode ser o mesmo prédio; confirmar.",
SMS,sms-caps,Serviços dos Centros de Atenção Psicossocial (CAPS) por território,https://prefeitura.sp.gov.br/web/saude/w/servi%C3%A7os-dos-centros-de-aten%C3%A7%C3%A3o-psicossocial-caps-por-territ%C3%B3rio,CAPS AD III SÃO MATEUS,info,CEP_COMPARTILHADO,"Mesmo CEP em unidades com endereços diferentes: CAPS AD III SÃO MATEUS, CAPS ADULTO III SÃO MATEUS.",
SMS,sms-caps,Serviços dos Centros de Atenção Psicossocial (CAPS) por território,https://prefeitura.sp.gov.br/web/saude/w/servi%C3%A7os-dos-centros-de-aten%C3%A7%C3%A3o-psicossocial-caps-por-territ%C3%B3rio,CAPS ADULTO III SÃO MATEUS,info,CEP_COMPARTILHADO,"Mesmo CEP em unidades com endereços diferentes: CAPS AD III SÃO MATEUS, CAPS ADULTO III SÃO MATEUS.",
SMS,sms-caps,Serviços dos Centros de Atenção Psicossocial (CAPS) por território,https://prefeitura.sp.gov.br/web/saude/w/servi%C3%A7os-dos-centros-de-aten%C3%A7%C3%A3o-psicossocial-caps-por-territ%C3%B3rio,CAPS AD II VILA MADALENA - PROSAM,info,CEP_COMPARTILHADO,"Mesmo CEP em unidades com endereços diferentes: CAPS AD II VILA MADALENA - PROSAM, CAPS AD III BUTANTÃ.",
SMS,sms-caps,Serviços dos Centros de Atenção Psicossocial (CAPS) por território,https://prefeitura.sp.gov.br/web/saude/w/servi%C3%A7os-dos-centros-de-aten%C3%A7%C3%A3o-psicossocial-caps-por-territ%C3%B3rio,CAPS AD III BUTANTÃ,info,CEP_COMPARTILHADO,"Mesmo CEP em unidades com endereços diferentes: CAPS AD II VILA MADALENA - PROSAM, CAPS AD III BUTANTÃ.",
SMS,sms-caps,Serviços dos Centros de Atenção Psicossocial (CAPS) por território,https://prefeitura.sp.gov.br/web/saude/w/servi%C3%A7os-dos-centros-de-aten%C3%A7%C3%A3o-psicossocial-caps-por-territ%C3%B3rio,CAPS AD III GRAJAÚ,info,CEP_COMPARTILHADO,"Mesmo CEP em unidades com endereços diferentes: CAPS AD III GRAJAÚ, CAPS ADULTO III GRAJAÚ.",
SMS,sms-caps,Serviços dos Centros de Atenção Psicossocial (CAPS) por território,https://prefeitura.sp.gov.br/web/saude/w/servi%C3%A7os-dos-centros-de-aten%C3%A7%C3%A3o-psicossocial-caps-por-territ%C3%B3rio,CAPS ADULTO III GRAJAÚ,info,CEP_COMPARTILHADO,"Mesmo CEP em unidades com endereços diferentes: CAPS AD III GRAJAÚ, CAPS ADULTO III GRAJAÚ.",
SMS,sms-caps,Serviços dos Centros de Atenção Psicossocial (CAPS) por território,https://prefeitura.sp.gov.br/web/saude/w/servi%C3%A7os-dos-centros-de-aten%C3%A7%C3%A3o-psicossocial-caps-por-territ%C3%B3rio,CAPS IJ II CIDADE ADEMAR,info,CEP_COMPARTILHADO,"Mesmo CEP em unidades com endereços diferentes: CAPS IJ II CAPELA DO SOCORRO, CAPS IJ II CIDADE ADEMAR.",
SMS,sms-caps,Serviços dos Centros de Atenção Psicossocial (CAPS) por território,https://prefeitura.sp.gov.br/web/saude/w/servi%C3%A7os-dos-centros-de-aten%C3%A7%C3%A3o-psicossocial-caps-por-territ%C3%B3rio,CAPS IJ II CAPELA DO SOCORRO,info,CEP_COMPARTILHADO,"Mesmo CEP em unidades com endereços diferentes: CAPS IJ II CAPELA DO SOCORRO, CAPS IJ II CIDADE ADEMAR.",
SMS,sms-caps,Serviços dos Centros de Atenção Psicossocial (CAPS) por território,https://prefeitura.sp.gov.br/web/saude/w/servi%C3%A7os-dos-centros-de-aten%C3%A7%C3%A3o-psicossocial-caps-por-territ%C3%B3rio,CAPS AD II GUAIANASES,alerta,TELEFONE_COMPARTILHADO,"Mesmo telefone (2553-2240) em unidades diferentes: CAPS AD II GUAIANASES, CAPS ADULTO II CIDADE TIRADENTES.",
SMS,sms-caps,Serviços dos Centros de Atenção Psicossocial (CAPS) por território,https://prefeitura.sp.gov.br/web/saude/w/servi%C3%A7os-dos-centros-de-aten%C3%A7%C3%A3o-psicossocial-caps-por-territ%C3%B3rio,CAPS ADULTO II CIDADE TIRADENTES,alerta,TELEFONE_COMPARTILHADO,"Mesmo telefone (2553-2240) em unidades diferentes: CAPS AD II GUAIANASES, CAPS ADULTO II CIDADE TIRADENTES.",
SMS,sms-caps,Serviços dos Centros de Atenção Psicossocial (CAPS) por território,https://prefeitura.sp.gov.br/web/saude/w/servi%C3%A7os-dos-centros-de-aten%C3%A7%C3%A3o-psicossocial-caps-por-territ%C3%B3rio,CAPS AD III FÓ / BRASILÂNDIA,alerta,TELEFONE_COMPARTILHADO,"Mesmo telefone (3932-2683) em unidades diferentes: CAPS AD III FÓ / BRASILÂNDIA, CAPS IJ II FÓ /BRASILANDIA.",
SMS,sms-caps,Serviços dos Centros de Atenção Psicossocial (CAPS) por território,https://prefeitura.sp.gov.br/web/saude/w/servi%C3%A7os-dos-centros-de-aten%C3%A7%C3%A3o-psicossocial-caps-por-territ%C3%B3rio,CAPS IJ II FÓ /BRASILANDIA,alerta,TELEFONE_COMPARTILHADO,"Mesmo telefone (3932-2683) em unidades diferentes: CAPS AD III FÓ / BRASILÂNDIA, CAPS IJ II FÓ /BRASILANDIA.",
SMS,sms-caps,Centros de Atenção Psicossocial (CAPS),https://prefeitura.sp.gov.br/web/saude/w/saude_mental_ad/caps,,alerta,TOTAL_DIVERGENTE,O índice declara 103 unidades; as páginas listam 104 distintas (106 com repetições).,
SMS,sms-caps,Serviços dos Centros de Atenção Psicossocial (CAPS) por território,https://prefeitura.sp.gov.br/web/saude/w/servi%C3%A7os-dos-centros-de-aten%C3%A7%C3%A3o-psicossocial-caps-por-territ%C3%B3rio,,alerta,PAGINACAO,A página indica 2 resultados; verificar se há unidades nas demais.,
SMS,sms-estabelecimentos,"Relação dos estabelecimentos da SMS por subprefeitura (CEInfo, PDF)",https://prefeitura.sp.gov.br/documents/d/saude/unid_munic_saude_sub_agosto2026,AMA 12H BORACEA - DR. LUIZ BACCALA,alerta,TELEFONE_FORMATO,Telefone fora do padrão (DDD) 0000-0000.,52379-885
SMS,sms-estabelecimentos,"Relação dos estabelecimentos da SMS por subprefeitura (CEInfo, PDF)",https://prefeitura.sp.gov.br/documents/d/saude/unid_munic_saude_sub_agosto2026,UBS SÉ,info,ENDERECO_DUPLICADO,"Mesmo endereço publicado para unidades diferentes: AMA 24H SÉ, UBS SÉ. Pode ser o mesmo prédio; confirmar.",
SMS,sms-estabelecimentos,"Relação dos estabelecimentos da SMS por subprefeitura (CEInfo, PDF)",https://prefeitura.sp.gov.br/documents/d/saude/unid_munic_saude_sub_agosto2026,AMA 24H SÉ,info,ENDERECO_DUPLICADO,"Mesmo endereço publicado para unidades diferentes: AMA 24H SÉ, UBS SÉ. Pode ser o mesmo prédio; confirmar.",
SMS,sms-estabelecimentos,"Relação dos estabelecimentos da SMS por subprefeitura (CEInfo, PDF)",https://prefeitura.sp.gov.br/documents/d/saude/unid_munic_saude_sub_agosto2026,AMA. ESPECIALIDADES SANTA CECÍLIA - DR. HUMBERTO PASCALE,info,ENDERECO_DUPLICADO,"Mesmo endereço publicado para unidades diferentes: AMA. ESPECIALIDADES SANTA CECÍLIA - DR. HUMBERTO PASCALE, UBS SANTA CECÍLIA - DR HUMBERTO PASCALE. Pode ser o mesmo prédio; confirmar.",
SMS,sms-estabelecimentos,"Relação dos estabelecimentos da SMS por subprefeitura (CEInfo, PDF)",https://prefeitura.sp.gov.br/documents/d/saude/unid_munic_saude_sub_agosto2026,UBS SANTA CECÍLIA - DR HUMBERTO PASCALE,info,ENDERECO_DUPLICADO,"Mesmo endereço publicado para unidades diferentes: AMA. ESPECIALIDADES SANTA CECÍLIA - DR. HUMBERTO PASCALE, UBS SANTA CECÍLIA - DR HUMBERTO PASCALE. Pode ser o mesmo prédio; confirmar.",
SMS,sms-estabelecimentos,"Relação dos estabelecimentos da SMS por subprefeitura (CEInfo, PDF)",https://prefeitura.sp.gov.br/documents/d/saude/unid_munic_saude_sub_agosto2026,UBS ENGENHEIRO GOULART - DR. JOSÉ PIRES,info,CEP_COMPARTILHADO,"Mesmo CEP em unidades com endereços diferentes: AMA 24H ENGENHEIRO GOULART - DR. JOSÉ PIRES, UBS ENGENHEIRO GOULART - DR. JOSÉ PIRES.",
SMS,sms-estabelecimentos,"Relação dos estabelecimentos da SMS por subprefeitura (CEInfo, PDF)",https://prefeitura.sp.gov.br/documents/d/saude/unid_munic_saude_sub_agosto2026,AMA 24H ENGENHEIRO GOULART - DR. JOSÉ PIRES,info,CEP_COMPARTILHADO,"Mesmo CEP em unidades com endereços diferentes: AMA 24H ENGENHEIRO GOULART - DR. JOSÉ PIRES, UBS ENGENHEIRO GOULART - DR. JOSÉ PIRES.",
SMS,sms-estabelecimentos,"Relação dos estabelecimentos da SMS por subprefeitura (CEInfo, PDF)",https://prefeitura.sp.gov.br/documents/d/saude/unid_munic_saude_sub_agosto2026,UBS SÉ,info,CEP_COMPARTILHADO,"Mesmo CEP em unidades com endereços diferentes: AMA 24H SÉ, CAPS AD III CENTRO, UBS SÉ.",
SMS,sms-estabelecimentos,"Relação dos estabelecimentos da SMS por subprefeitura (CEInfo, PDF)",https://prefeitura.sp.gov.br/documents/d/saude/unid_munic_saude_sub_agosto2026,CAPS AD III CENTRO,info,CEP_COMPARTILHADO,"Mesmo CEP em unidades com endereços diferentes: AMA 24H SÉ, CAPS AD III CENTRO, UBS SÉ.",
SMS,sms-estabelecimentos,"Relação dos estabelecimentos da SMS por subprefeitura (CEInfo, PDF)",https://prefeitura.sp.gov.br/documents/d/saude/unid_munic_saude_sub_agosto2026,AMA 24H SÉ,info,CEP_COMPARTILHADO,"Mesmo CEP em unidades com endereços diferentes: AMA 24H SÉ, CAPS AD III CENTRO, UBS SÉ.",
SMS,sms-estabelecimentos,"Relação dos estabelecimentos da SMS por subprefeitura (CEInfo, PDF)",https://prefeitura.sp.gov.br/documents/d/saude/unid_munic_saude_sub_agosto2026,UBS SÉ,alerta,TELEFONE_COMPARTILHADO,"Mesmo telefone (4210-5398) em unidades diferentes: AMA 24H SÉ, UBS SÉ.",
SMS,sms-estabelecimentos,"Relação dos estabelecimentos da SMS por subprefeitura (CEInfo, PDF)",https://prefeitura.sp.gov.br/documents/d/saude/unid_munic_saude_sub_agosto2026,AMA 24H SÉ,alerta,TELEFONE_COMPARTILHADO,"Mesmo telefone (4210-5398) em unidades diferentes: AMA 24H SÉ, UBS SÉ.",
SMS,sms-estabelecimentos,"Relação dos estabelecimentos da SMS por subprefeitura (CEInfo, PDF)",https://prefeitura.sp.gov.br/documents/d/saude/unid_munic_saude_sub_agosto2026,CAPS AD III CENTRO,alerta,TELEFONE_COMPARTILHADO,"Mesmo telefone (5237-9976) em unidades diferentes: CAPS AD III CENTRO, CAPS AD III COMPLEXO PRATES.",
SMS,sms-estabelecimentos,"Relação dos estabelecimentos da SMS por subprefeitura (CEInfo, PDF)",https://prefeitura.sp.gov.br/documents/d/saude/unid_munic_saude_sub_agosto2026,CAPS AD III COMPLEXO PRATES,alerta,TELEFONE_COMPARTILHADO,"Mesmo telefone (5237-9976) em unidades diferentes: CAPS AD III CENTRO, CAPS AD III COMPLEXO PRATES.",
SMS,entre-fontes,"Serviços dos Centros de Atenção Psicossocial (CAPS) por território × Relação dos estabelecimentos da SMS por subprefeitura (CEInfo, PDF)",https://prefeitura.sp.gov.br/web/saude/w/servi%C3%A7os-dos-centros-de-aten%C3%A7%C3%A3o-psicossocial-caps-por-territ%C3%B3rio,CAPS AD III BORACÉA,alerta,FONTES_OFICIAIS_DIVERGENTES,"Duas publicações oficiais divergem: endereço `R. Anhanguera, 284 - CEP: 01135-000, Santa Cecília` × `R. ANHANGUERA, 282 - BARRA FUNDA`.",
SMS,entre-fontes,"Serviços dos Centros de Atenção Psicossocial (CAPS) por território × Relação dos estabelecimentos da SMS por subprefeitura (CEInfo, PDF)",https://prefeitura.sp.gov.br/web/saude/w/servi%C3%A7os-dos-centros-de-aten%C3%A7%C3%A3o-psicossocial-caps-por-territ%C3%B3rio,CAPS AD III CENTRO,alerta,FONTES_OFICIAIS_DIVERGENTES,"Duas publicações oficiais divergem: telefone `(11) 5237-9969 e (11) 5239-0135` × `5237-9976`; endereço `R. Frederico Alvarenga, 259 - 2° andar - CEP: 01020-030, Sé` × `R. FREDERICO ALVARENGA - 2º ANDAR, 259 2 ANDAR ANEXO B - PQ D. PEDRO II`.",
SMS,entre-fontes,"Serviços dos Centros de Atenção Psicossocial (CAPS) por território × Relação dos estabelecimentos da SMS por subprefeitura (CEInfo, PDF)",https://prefeitura.sp.gov.br/web/saude/w/servi%C3%A7os-dos-centros-de-aten%C3%A7%C3%A3o-psicossocial-caps-por-territ%C3%B3rio,CAPS AD III COMPLEXO PRATES,alerta,FONTES_OFICIAIS_DIVERGENTES,"Duas publicações oficiais divergem: telefone `(11) 5197-9592` × `5237-9976`; endereço `R. Prates, 1101 - CEP: 01121-000, Santa Cecília` × `R. PRATES, 1101 FUNDOS - BOM RETIRO`; CEP `01121-000` × `01009-000`.",
SMS,entre-fontes,"Serviços dos Centros de Atenção Psicossocial (CAPS) por território × Relação dos estabelecimentos da SMS por subprefeitura (CEInfo, PDF)",https://prefeitura.sp.gov.br/web/saude/w/servi%C3%A7os-dos-centros-de-aten%C3%A7%C3%A3o-psicossocial-caps-por-territ%C3%B3rio,CAPS ADULTO III SÉ,alerta,FONTES_OFICIAIS_DIVERGENTES,Duas publicações oficiais divergem: CEP `01308-030` × `01313-001`.,
SMS,entre-fontes,"Serviços dos Centros de Atenção Psicossocial (CAPS) por território × Relação dos estabelecimentos da SMS por subprefeitura (CEInfo, PDF)",https://prefeitura.sp.gov.br/web/saude/w/servi%C3%A7os-dos-centros-de-aten%C3%A7%C3%A3o-psicossocial-caps-por-territ%C3%B3rio,CAPS AD II GUAIANASES,alerta,FONTES_OFICIAIS_DIVERGENTES,Duas publicações oficiais divergem: telefone `(11) 2553-2240` × `5237-2980`.,
SMS,entre-fontes,"Serviços dos Centros de Atenção Psicossocial (CAPS) por território × Relação dos estabelecimentos da SMS por subprefeitura (CEInfo, PDF)",https://prefeitura.sp.gov.br/web/saude/w/servi%C3%A7os-dos-centros-de-aten%C3%A7%C3%A3o-psicossocial-caps-por-territ%C3%B3rio,CAPS ADULTO II GUAIANASES,alerta,FONTES_OFICIAIS_DIVERGENTES,Duas publicações oficiais divergem: telefone `(11) 2961-3240` × `5237-2950`; CEP `09925-000` × `08410-165`.,
SMS,entre-fontes,"Serviços dos Centros de Atenção Psicossocial (CAPS) por território × Relação dos estabelecimentos da SMS por subprefeitura (CEInfo, PDF)",https://prefeitura.sp.gov.br/web/saude/w/servi%C3%A7os-dos-centros-de-aten%C3%A7%C3%A3o-psicossocial-caps-por-territ%C3%B3rio,CAPS IJ II GUAIANASES,alerta,FONTES_OFICIAIS_DIVERGENTES,Duas publicações oficiais divergem: telefone `(11) 2553-3760 / (11) 2553-4047` × `5178-2385`.,
SMS,entre-fontes,"Serviços dos Centros de Atenção Psicossocial (CAPS) por território × Relação dos estabelecimentos da SMS por subprefeitura (CEInfo, PDF)",https://prefeitura.sp.gov.br/web/saude/w/servi%C3%A7os-dos-centros-de-aten%C3%A7%C3%A3o-psicossocial-caps-por-territ%C3%B3rio,CAPS AD II CANGAÍBA,alerta,FONTES_OFICIAIS_DIVERGENTES,Duas publicações oficiais divergem: telefone `(11) 2646-4929` × `5239-1252`.,
SMS,entre-fontes,"Serviços dos Centros de Atenção Psicossocial (CAPS) por território × Relação dos estabelecimentos da SMS por subprefeitura (CEInfo, PDF)",https://prefeitura.sp.gov.br/web/saude/w/servi%C3%A7os-dos-centros-de-aten%C3%A7%C3%A3o-psicossocial-caps-por-territ%C3%B3rio,CAPS AD III PENHA,alerta,FONTES_OFICIAIS_DIVERGENTES,Duas publicações oficiais divergem: telefone `(11) 5239-1280` × `5239-1285`.,
SMS,entre-fontes,"Serviços dos Centros de Atenção Psicossocial (CAPS) por território × Relação dos estabelecimentos da SMS por subprefeitura (CEInfo, PDF)",https://prefeitura.sp.gov.br/web/saude/w/servi%C3%A7os-dos-centros-de-aten%C3%A7%C3%A3o-psicossocial-caps-por-territ%C3%B3rio,CAPS ADULTO III VILA MATILDE,alerta,FONTES_OFICIAIS_DIVERGENTES,Duas publicações oficiais divergem: telefone `(11) 2653-0944 / (11) 2367-0643` × `5239-1240`.,
SMS,entre-fontes,"Serviços dos Centros de Atenção Psicossocial (CAPS) por território × Relação dos estabelecimentos da SMS por subprefeitura (CEInfo, PDF)",https://prefeitura.sp.gov.br/web/saude/w/servi%C3%A7os-dos-centros-de-aten%C3%A7%C3%A3o-psicossocial-caps-por-territ%C3%B3rio,CAPS IJ III PENHA,alerta,FONTES_OFICIAIS_DIVERGENTES,Duas publicações oficiais divergem: telefone `(11) 2359-6765 / (11) 2359-3090` × `5239-1265`.,
